,unbiased value function,MC value function
0,0.3347637951374054,0.3355490267276764
