,unbiased value function,MC value function
0,0.5777459144592285,0.574393093585968
